,cities_states_links_csv
0,https://www.yellowpagesdirectory.com/states/AL
1,https://www.yellowpagesdirectory.com/states/AK
2,https://www.yellowpagesdirectory.com/states/AZ
3,https://www.yellowpagesdirectory.com/states/AR
4,https://www.yellowpagesdirectory.com/states/CA
5,https://www.yellowpagesdirectory.com/states/CO
6,https://www.yellowpagesdirectory.com/states/CT
7,https://www.yellowpagesdirectory.com/states/DE
8,https://www.yellowpagesdirectory.com/states/FL
9,https://www.yellowpagesdirectory.com/states/GA
10,https://www.yellowpagesdirectory.com/states/HI
11,https://www.yellowpagesdirectory.com/states/ID
12,https://www.yellowpagesdirectory.com/states/IL
13,https://www.yellowpagesdirectory.com/states/IN
14,https://www.yellowpagesdirectory.com/states/IA
15,https://www.yellowpagesdirectory.com/states/KS
16,https://www.yellowpagesdirectory.com/states/KY
17,https://www.yellowpagesdirectory.com/states/LA
18,https://www.yellowpagesdirectory.com/states/ME
19,https://www.yellowpagesdirectory.com/states/MD
20,https://www.yellowpagesdirectory.com/states/MA
21,https://www.yellowpagesdirectory.com/states/MI
22,https://www.yellowpagesdirectory.com/states/MN
23,https://www.yellowpagesdirectory.com/states/MS
24,https://www.yellowpagesdirectory.com/states/MO
25,https://www.yellowpagesdirectory.com/states/MT
26,https://www.yellowpagesdirectory.com/states/NE
27,https://www.yellowpagesdirectory.com/states/NV
28,https://www.yellowpagesdirectory.com/states/NH
29,https://www.yellowpagesdirectory.com/states/NJ
30,https://www.yellowpagesdirectory.com/states/NM
31,https://www.yellowpagesdirectory.com/states/NY
32,https://www.yellowpagesdirectory.com/states/NC
33,https://www.yellowpagesdirectory.com/states/ND
34,https://www.yellowpagesdirectory.com/states/OH
35,https://www.yellowpagesdirectory.com/states/OK
36,https://www.yellowpagesdirectory.com/states/OR
37,https://www.yellowpagesdirectory.com/states/PA
38,https://www.yellowpagesdirectory.com/states/RI
39,https://www.yellowpagesdirectory.com/states/SC
40,https://www.yellowpagesdirectory.com/states/SD
41,https://www.yellowpagesdirectory.com/states/TN
42,https://www.yellowpagesdirectory.com/states/TX
43,https://www.yellowpagesdirectory.com/states/UT
44,https://www.yellowpagesdirectory.com/states/VT
45,https://www.yellowpagesdirectory.com/states/VA
46,https://www.yellowpagesdirectory.com/states/WA
47,https://www.yellowpagesdirectory.com/states/DC
48,https://www.yellowpagesdirectory.com/states/WV
49,https://www.yellowpagesdirectory.com/states/WI
50,https://www.yellowpagesdirectory.com/states/WY
51,https://www.yellowpagesdirectory.com/states/AZ
52,https://www.yellowpagesdirectory.com/states/CA
53,https://www.yellowpagesdirectory.com/states/ID
54,https://www.yellowpagesdirectory.com/states/WA
55,https://www.yellowpagesdirectory.com/states/MT
56,https://www.yellowpagesdirectory.com/states/ND
57,https://www.yellowpagesdirectory.com/states/DC
58,https://www.yellowpagesdirectory.com/states/AK
59,https://www.yellowpagesdirectory.com/states/VA
60,https://www.yellowpagesdirectory.com/states/AL
61,https://www.yellowpagesdirectory.com/states/LA
62,https://www.yellowpagesdirectory.com/states/MS
63,https://www.yellowpagesdirectory.com/states/MO
64,https://www.yellowpagesdirectory.com/states/TN
65,https://www.yellowpagesdirectory.com/states/ME
66,https://www.yellowpagesdirectory.com/states/MN
67,https://www.yellowpagesdirectory.com/states/IA
68,https://www.yellowpagesdirectory.com/states/SD
69,https://www.yellowpagesdirectory.com/states/WI
70,https://www.yellowpagesdirectory.com/states/NY
71,https://www.yellowpagesdirectory.com/states/IL
72,https://www.yellowpagesdirectory.com/states/NM
73,https://www.yellowpagesdirectory.com/states/GA
74,https://www.yellowpagesdirectory.com/states/CO
75,https://www.yellowpagesdirectory.com/states/UT
76,https://www.yellowpagesdirectory.com/states/WY
77,https://www.yellowpagesdirectory.com/states/NC
78,https://www.yellowpagesdirectory.com/states/SC
79,https://www.yellowpagesdirectory.com/states/OH
80,https://www.yellowpagesdirectory.com/states/IN
81,https://www.yellowpagesdirectory.com/states/PA
82,https://www.yellowpagesdirectory.com/states/TX
83,https://www.yellowpagesdirectory.com/states/OK
84,https://www.yellowpagesdirectory.com/states/AR
85,https://www.yellowpagesdirectory.com/states/NE
86,https://www.yellowpagesdirectory.com/states/KS
87,https://www.yellowpagesdirectory.com/states/MI
88,https://www.yellowpagesdirectory.com/states/HI
89,https://www.yellowpagesdirectory.com/states/KY
90,https://www.yellowpagesdirectory.com/states/FL
91,https://www.yellowpagesdirectory.com/states/VT
92,https://www.yellowpagesdirectory.com/states/NJ
93,https://www.yellowpagesdirectory.com/states/CT
94,https://www.yellowpagesdirectory.com/states/RI
95,https://www.yellowpagesdirectory.com/states/MD
96,https://www.yellowpagesdirectory.com/states/DE
97,https://www.yellowpagesdirectory.com/states/WV
98,https://www.yellowpagesdirectory.com/states/NV
99,https://www.yellowpagesdirectory.com/states/OR
100,https://www.yellowpagesdirectory.com/states/MA
101,https://www.yellowpagesdirectory.com/states/NH
102,https://www.yellowpagesdirectory.com/states/AL
103,https://www.yellowpagesdirectory.com/states/AK
104,https://www.yellowpagesdirectory.com/states/AZ
105,https://www.yellowpagesdirectory.com/states/AR
106,https://www.yellowpagesdirectory.com/states/CA
107,https://www.yellowpagesdirectory.com/states/CO
108,https://www.yellowpagesdirectory.com/states/CT
109,https://www.yellowpagesdirectory.com/states/DE
110,https://www.yellowpagesdirectory.com/states/FL
111,https://www.yellowpagesdirectory.com/states/GA
112,https://www.yellowpagesdirectory.com/states/HI
113,https://www.yellowpagesdirectory.com/states/ID
114,https://www.yellowpagesdirectory.com/states/IL
115,https://www.yellowpagesdirectory.com/states/IN
116,https://www.yellowpagesdirectory.com/states/IA
117,https://www.yellowpagesdirectory.com/states/KS
118,https://www.yellowpagesdirectory.com/states/KY
119,https://www.yellowpagesdirectory.com/states/LA
120,https://www.yellowpagesdirectory.com/states/ME
121,https://www.yellowpagesdirectory.com/states/MD
122,https://www.yellowpagesdirectory.com/states/MA
123,https://www.yellowpagesdirectory.com/states/MI
124,https://www.yellowpagesdirectory.com/states/MN
125,https://www.yellowpagesdirectory.com/states/MS
126,https://www.yellowpagesdirectory.com/states/MO
127,https://www.yellowpagesdirectory.com/states/MT
128,https://www.yellowpagesdirectory.com/states/NE
129,https://www.yellowpagesdirectory.com/states/NV
130,https://www.yellowpagesdirectory.com/states/NH
131,https://www.yellowpagesdirectory.com/states/NJ
132,https://www.yellowpagesdirectory.com/states/NM
133,https://www.yellowpagesdirectory.com/states/NY
134,https://www.yellowpagesdirectory.com/states/NC
135,https://www.yellowpagesdirectory.com/states/ND
136,https://www.yellowpagesdirectory.com/states/OH
137,https://www.yellowpagesdirectory.com/states/OK
138,https://www.yellowpagesdirectory.com/states/OR
139,https://www.yellowpagesdirectory.com/states/PA
140,https://www.yellowpagesdirectory.com/states/RI
141,https://www.yellowpagesdirectory.com/states/SC
142,https://www.yellowpagesdirectory.com/states/SD
143,https://www.yellowpagesdirectory.com/states/TN
144,https://www.yellowpagesdirectory.com/states/TX
145,https://www.yellowpagesdirectory.com/states/UT
146,https://www.yellowpagesdirectory.com/states/VT
147,https://www.yellowpagesdirectory.com/states/VA
148,https://www.yellowpagesdirectory.com/states/WA
149,https://www.yellowpagesdirectory.com/states/DC
150,https://www.yellowpagesdirectory.com/states/WV
151,https://www.yellowpagesdirectory.com/states/WI
152,https://www.yellowpagesdirectory.com/states/WY
